{
  "name": "dnd5e_DMTools",
  "title": "DND5E城主工具包",
  "description": "目前集成了物品随机表",
  "version": "0.0.1",
  "author": "classpack社区",
  "systems": ["dnd5e"],
  "scripts": [],
  "styles": [],
  "packs": [
    {
      "label": "随机物品",
      "entity": "RollTable",
      "name": "item-roll",
      "path": "packs/item-roll.db",
      "system": "dnd5e"
    }
  ],
  "dependencies": [
    {
      "name": "dnd5e_classpack",
      "manifest": "https://raw.githubusercontent.com/HJSmile/classpack/master/dnd5e_classpack/module.json"
    },
    {
      "name": "better-rolltables",
      "manifest": "https://raw.githubusercontent.com/ultrakorne/better-rolltables/v1.5.1/module.json"
    }
  ],
  "url": "https://github.com/GreenPan/DMTools",
  "minimumCoreVersion": "0.5.0",
  "compatibleCoreVersion": "0.6.5",
  "manifest": "https://raw.githubusercontent.com/GreenPan/DMTools/master/dnd5e_DMTools/module.json",
  "download": "https://github.com/GreenPan/DMTools/raw/master/dnd5e_DMTools.zip"
}
